Workbook

Sheet Summary
A1: Rockhampton TAFE Consolidation Stage 2
A2: Returnable schedule
A6: SEPARABLE PORTION 1
A7: No | B7: Description | C7: Total
A9: 1 | B9: Building 92 (New Trades Building) | C9: ='B92'!C13+'B92'!C39+'B92'!C45+'B92'!C49 -> 0
A10: 2 | B10: Building 92 ESD Uplifts | C10: ='B92'!C55 -> 0
A11: 3 | B11: Building 21A (Refurb and New Shed Engineering Workshop) | C11: =B21A!C12+B21A!C39+B21A!C43 -> 0
B12: NETT CONSTRUCTION COST SP1 | C12: =SUM(C9:C11) -> 0
A13: 4 | B13: Design Finalisation (including novation)
A14: 5 | B14: Preliminaries
A15: 6 | B15: Margin
A16: 7 | B16: Other
B17: GROSS CONSTRUCTION COST SP1 | C17: =C12+C13+C14+C15+C16 -> 0
A18: SEPARABLE PORTION 2
A19: No | B19: Description | C19: Total
A21: 8 | B21: Building 33 | C21: ='B33'!C12+'B33'!C38+'B33'!C42+'B33'!C46 -> 0
A22: 9 | B22: Building 19 | C22: ='B19'!C12+'B19'!C38+'B19'!C42 -> 0
A23: 10 | B23: Building 34 | C23: ='B34'!C12+'B34'!C38+'B34'!C42 -> 0
A24: 11 | B24: Building 36 | C24: ='B36'!C12+'B36'!C38+'B36'!C42+'B36'!C46 -> 0
A25: 12 | B25: Building 76 | C25: ='B76'!C12+'B76'!C40+'B76'!C44+'B76'!C48 -> 0
A26: 13 | B26: Building 32 | C26: ='B32'!C34 -> 0
B27: NETT CONSTRUCTION COST SP2 | C27: =SUM(C21:C26) -> 0
A28: 14 | B28: Design Finalisation (including novation)
A29: 15 | B29: Preliminaries
A30: 16 | B30: Margin
A31: 17 | B31: Other
B32: GROSS CONSTRUCTION COST SP2 | C32: =C27+C28+C29+C30+C31 -> 0
A33: OTHER
B34: Optional Costs
A35: 18 | B35: Pylon Signage
A36: 19 | B36: Recreation Area
B37: Other
B38: Total Optional Cost | C38: =SUM(C35:C37) -> 0
B39: Value Engineering
B40: List items of any VE opportunities including alternate products or material
A41: 21 | B41: Item 1
A42: 22 | B42: Item 2
B43: Total Value Engineering | C43: =SUM(C40:C42) -> 0

Sheet B92
A1: Rockhampton TAFE Consolidation Stage 2
A2: =Summary!B9 -> Building 92 (New Trades Building)
A5: Claim Date: | B5: 25/02/2026
A6: No | B6: Description | C6: Total
B8: Demolition
A9: 1 | B9: Engineering workshop
A10: =A9+1 -> 2 | B10: Fleet carpark
A11: =A10+1 -> 3 | B11: Small shed
A12: =A11+1 -> 4 | B12: Other
B13: Sub-Total Demolition Works | C13: =SUM(C9:C12) -> 0
B14: Building Works
A15: 5 | B15: Substructure
A16: 6 | B16: Columns
A17: 7 | B17: Upper Floors
A18: 8 | B18: Staircases
A19: 9 | B19: Roof
A20: 10 | B20: External Walls & Windows
A21: 11 | B21: Internal Walls & Windows
A22: 12 | B22: Doors, Frames & Hardware
A23: 13 | B23: Metal Work
A24: 14 | B24: Wall Finishes
A25: 15 | B25: Floor Finishes
A26: 16 | B26: Ceiling Finishes
... A38: 28 | B38: Final Cleaning
B39: Sub-Total Building Works | C39: =SUM(C15:C38) -> 0
B40: External Works
A41: 29 | B41: Landscaping & Outdoor Car Storage to Building 92
A42: 30 | B42: Truck Pull in Zone
A43: 31 | B43: External Services
A44: 32 | B44: Other
B45: Sub-Total External Works | C45: =SUM(C41:C44) -> 0
B46: Relocation costs
A47: 33 | B47: Relocation costs
B49: Sub-Total Relocation Costs | C49: =SUM(C47:C48) -> 0
B50: =Summary!B10 -> Building 92 ESD Uplifts
A51: 34 | B51: List all items (i.e solar, rain water tank, additional ventilation etc)
A52: 35 | B52: Item 1
A53: 36 | B53: Item 2
B55: Sub-Total ESD Uplift | C55: =SUM(C51:C54) -> 0

Sheet B21A
A1: Rockhampton TAFE Consolidation Stage 2
A2: =Summary!B11 -> Building 21A (Refurb and New Shed Engineering Workshop)
A5: Claim Date: | B5: 25/02/2026
A7: No | B7: Description | C7: Total
B9: Demolition
A10: 1 | B10: Demolition (Internal)
A11: =A10+1 -> 2 | B11: Other
B12: Sub-Total Demolition Works | C12: =SUM(C10:C11) -> 0
B13: Building Works
A14: 3 | B14: Substructure
A15: =A14+1 -> 4 | B15: Columns
A16: =A15+1 -> 5 | B16: Upper Floors
A17: =A16+1 -> 6 | B17: Staircases
A18: =A17+1 -> 7 | B18: Roof
A19: =A18+1 -> 8 | B19: External Walls & Windows
A20: =A19+1 -> 9 | B20: Internal Walls & Windows
A21: =A20+1 -> 10 | B21: Doors, Frames & Hardware
A22: =A21+1 -> 11 | B22: Metal Work
A23: =A22+1 -> 12 | B23: Wall Finishes
A24: =A23+1 -> 13 | B24: Floor Finishes
A25: =A24+1 -> 14 | B25: Ceiling Finishes
A26: =A25+1 -> 15 | B26: Joinery
... A37: =A36+1 -> 26 | B37: Final Cleaning
A38: 26 | B38: Proprietary Sheds
B39: Sub-Total Building Works | C39: =SUM(C14:C38) -> 0
B40: Relocation costs
A41: 27 | B41: Relocation costs
B43: Sub-Total Relocation Costs | C43: =SUM(C41:C42) -> 0

Sheet B33
A1: Rockhampton TAFE Consolidation Stage 2
A2: =Summary!B21 -> Building 33
A5: Claim Date: | B5: 25/02/2026
A7: No | B7: Description | C7: Total
B9: Demolition
A10: 1 | B10: Demolition (Internal)
A11: =A10+1 -> 2 | B11: Other
B12: Sub-Total Demolition Works | C12: =SUM(C10:C11) -> 0
B13: Building Works
A14: 3 | B14: Substructure
A15: =A14+1 -> 4 | B15: Columns
A16: =A15+1 -> 5 | B16: Upper Floors
A17: =A16+1 -> 6 | B17: Staircases
A18: =A17+1 -> 7 | B18: Roof
A19: =A18+1 -> 8 | B19: External Walls & Windows
A20: =A19+1 -> 9 | B20: Internal Walls & Windows
A21: =A20+1 -> 10 | B21: Doors, Frames & Hardware
A22: =A21+1 -> 11 | B22: Metal Work
A23: =A22+1 -> 12 | B23: Wall Finishes
A24: =A23+1 -> 13 | B24: Floor Finishes
A25: =A24+1 -> 14 | B25: Ceiling Finishes
A26: =A25+1 -> 15 | B26: Joinery
... A37: =A36+1 -> 26 | B37: Final Cleaning
B38: Sub-Total Building Works | C38: =SUM(C14:C37) -> 0
B39: External Works
A40: 27 | B40: Footpaths (B33)
A41: 28 | B41: Other
B42: Sub-Total External Works | C42: =SUM(C40:C41) -> 0
B43: Relocation costs
A44: 29 | B44: Relocation costs
B46: Sub-Total Relocation Costs | C46: =SUM(C44:C45) -> 0

Sheet B19
A1: Rockhampton TAFE Consolidation Stage 2
A2: =Summary!B22 -> Building 19
A5: Claim Date: | B5: 25/02/2026
A7: No | B7: Description | C7: Total
B9: Demolition
A10: 1 | B10: Demolition (Internal)
A11: =A10+1 -> 2 | B11: Other
B12: Sub-Total Demolition Works | C12: =SUM(C10:C11) -> 0
B13: Building Works
A14: 3 | B14: Substructure
A15: =A14+1 -> 4 | B15: Columns
A16: =A15+1 -> 5 | B16: Upper Floors
A17: =A16+1 -> 6 | B17: Staircases
A18: =A17+1 -> 7 | B18: Roof
A19: =A18+1 -> 8 | B19: External Walls & Windows
A20: =A19+1 -> 9 | B20: Internal Walls & Windows
A21: =A20+1 -> 10 | B21: Doors, Frames & Hardware
A22: =A21+1 -> 11 | B22: Metal Work
A23: =A22+1 -> 12 | B23: Wall Finishes
A24: =A23+1 -> 13 | B24: Floor Finishes
A25: =A24+1 -> 14 | B25: Ceiling Finishes
A26: =A25+1 -> 15 | B26: Joinery
... A37: =A36+1 -> 26 | B37: Final Cleaning
B38: Sub-Total Building Works | C38: =SUM(C13:C37) -> 0
B39: Relocation costs
A40: 27 | B40: Relocation costs
B42: Sub-Total Relocation Costs | C42: =SUM(C40:C41) -> 0

Sheet B34
A1: Rockhampton TAFE Consolidation Stage 2
A2: =Summary!B23 -> Building 34
A5: Claim Date: | B5: 25/02/2026
A7: No | B7: Description | C7: Total
B9: Demolition
A10: 1 | B10: Demolition (Internal)
A11: =A10+1 -> 2 | B11: Other
B12: Sub-Total Demolition Works | C12: =SUM(C10:C11) -> 0
B13: Building Works
A14: 3 | B14: Substructure
A15: =A14+1 -> 4 | B15: Columns
A16: =A15+1 -> 5 | B16: Upper Floors
A17: =A16+1 -> 6 | B17: Staircases
A18: =A17+1 -> 7 | B18: Roof
A19: =A18+1 -> 8 | B19: External Walls & Windows
A20: =A19+1 -> 9 | B20: Internal Walls & Windows
A21: =A20+1 -> 10 | B21: Doors, Frames & Hardware
A22: =A21+1 -> 11 | B22: Metal Work
A23: =A22+1 -> 12 | B23: Wall Finishes
A24: =A23+1 -> 13 | B24: Floor Finishes
A25: =A24+1 -> 14 | B25: Ceiling Finishes
A26: =A25+1 -> 15 | B26: Joinery
... A37: =A36+1 -> 26 | B37: Final Cleaning
B38: Sub-Total Building Works | C38: =SUM(C14:C37) -> 0
B39: Relocation costs
A40: 27 | B40: Relocation costs
B42: Sub-Total Relocation Costs | C42: =SUM(C40:C41) -> 0

Sheet B36
A1: Rockhampton TAFE Consolidation Stage 2
A2: =Summary!B24 -> Building 36
A5: Claim Date: | B5: 25/02/2026
A7: No | B7: Description | C7: Total
B9: Demolition
A10: 1 | B10: Demolition (Internal)
A11: =A10+1 -> 2 | B11: Other
B12: Sub-Total Demolition Works | C12: =SUM(C10:C11) -> 0
B13: Building Works
A14: 3 | B14: Substructure
A15: =A14+1 -> 4 | B15: Columns
A16: =A15+1 -> 5 | B16: Upper Floors
A17: =A16+1 -> 6 | B17: Staircases
A18: =A17+1 -> 7 | B18: Roof
A19: =A18+1 -> 8 | B19: External Walls & Windows
A20: =A19+1 -> 9 | B20: Internal Walls & Windows
A21: =A20+1 -> 10 | B21: Doors, Frames & Hardware
A22: =A21+1 -> 11 | B22: Metal Work
A23: =A22+1 -> 12 | B23: Wall Finishes
A24: =A23+1 -> 13 | B24: Floor Finishes
A25: =A24+1 -> 14 | B25: Ceiling Finishes
A26: =A25+1 -> 15 | B26: Joinery
... A37: =A36+1 -> 26 | B37: Final Cleaning
B38: Sub-Total Building Works | C38: =SUM(C13:C37) -> 0
B39: External Works
A40: 27 | B40: Drop-off Area (B36)
A41: 28 | B41: Other
B42: Sub-Total External Works | C42: =SUM(C40:C41) -> 0
B43: Relocation costs
A44: 29 | B44: Relocation costs
B46: Sub-Total Relocation Costs | C46: =SUM(C44:C45) -> 0

Sheet B76
A1: Rockhampton TAFE Consolidation Stage 2
A2: =Summary!B25 -> Building 76
A5: Claim Date: | B5: 25/02/2026
A7: No | B7: Description | C7: Total
B9: Demolition
A10: 1 | B10: Demolition (Internal)
A11: =A10+1 -> 2 | B11: Other
B12: Sub-Total Demolition Works | C12: =SUM(C10:C11) -> 0
B13: Building Works
A14: 3 | B14: Substructure
A15: =A14+1 -> 4 | B15: Columns
A16: =A15+1 -> 5 | B16: Upper Floors
A17: =A16+1 -> 6 | B17: Staircases
A18: =A17+1 -> 7 | B18: Roof
A19: =A18+1 -> 8 | B19: External Walls & Windows
A20: =A19+1 -> 9 | B20: Internal Walls & Windows
A21: =A20+1 -> 10 | B21: Doors, Frames & Hardware
A22: =A21+1 -> 11 | B22: Metal Work
A23: =A22+1 -> 12 | B23: Wall Finishes
A24: =A23+1 -> 13 | B24: Floor Finishes
A25: =A24+1 -> 14 | B25: Ceiling Finishes
A26: =A25+1 -> 15 | B26: Joinery
... A38: =A37+1 -> 27 | B38: Green House
A39: 26 | B39: Proprietary Sheds and Toilet
B40: Sub-Total Building Works | C40: =SUM(C14:C39) -> 0
B41: External Works
A42: 27 | B42: Footpaths (B76)
A43: 28 | B43: Other
B44: Sub-Total External Works | C44: =SUM(C42:C43) -> 0
B45: Relocation costs
A46: 29 | B46: Relocation costs
B48: Sub-Total Relocation Costs | C48: =SUM(C46:C47) -> 0

Sheet B32
A1: Rockhampton TAFE Consolidation Stage 2
A2: =Summary!B26 -> Building 32
A5: Claim Date: | B5: 25/02/2026
A7: No | B7: Description | C7: Total
B9: Building Works
A10: 1 | B10: Substructure
A11: =A10+1 -> 2 | B11: Columns
A12: =A11+1 -> 3 | B12: Upper Floors
A13: =A12+1 -> 4 | B13: Staircases
A14: =A13+1 -> 5 | B14: Roof
A15: =A14+1 -> 6 | B15: External Walls & Windows
A16: =A15+1 -> 7 | B16: Internal Walls & Windows
A17: =A16+1 -> 8 | B17: Doors, Frames & Hardware
A18: =A17+1 -> 9 | B18: Metal Work
A19: =A18+1 -> 10 | B19: Wall Finishes
A20: =A19+1 -> 11 | B20: Floor Finishes
A21: =A20+1 -> 12 | B21: Ceiling Finishes
A22: =A21+1 -> 13 | B22: Joinery
... A33: =A32+1 -> 24 | B33: Final Cleaning
B34: Sub-Total Building Works | C34: =SUM(C10:C33) -> 0
